{"origin": [144, 112], "x": [520, 120], "pixelToMm": 0.9301882639844047, "originRotation": 0.01902419079343899}