{"origin": [91, 104], "x": [392, 113], "pixelToMm": 1.162114253524234, "originRotation": 0.03153649874715091}